model_name,accuracy,precision_1,recall_1,f1_score_1,notes
Logistic Regression - heart_encoded,0.8586956521739131,0.9090909090909091,0.8411214953271028,0.8737864077669902,Baseline model with all features
Random Forest - heart_encoded,0.8695652173913043,0.8878504672897196,0.8878504672897196,0.8878504672897196,Untuned RF with all features
Tuned Random Forest - heart_encoded,0.8695652173913043,0.8878504672897196,0.8878504672897196,0.8878504672897196,GridSearchCV tuned RF
Logistic Regression - 01_heart_engineered,0.8695652173913043,0.9029126213592233,0.8691588785046729,0.8857142857142857,Baseline model with all features
Random Forest - 01_heart_engineered,0.8586956521739131,0.8857142857142857,0.8691588785046729,0.8773584905660378,Untuned RF with all features
Tuned Random Forest - 01_heart_engineered,0.8478260869565217,0.8761904761904762,0.8598130841121495,0.8679245283018868,GridSearchCV tuned RF
